"id","status","reps","exercise_id","workout_id","created_at"
"2","0","[{""count"":""12"",""weight"":""10""},{""count"":""12"",""weight"":""14""},{""count"":""12"",""weight"":""16""},{""count"":""12"",""weight"":""18""}]","24","8","2024-10-06"
"3","0","[{""count"":""12"",""weight"":""0""},{""count"":""12"",""weight"":""5""},{""count"":""10"",""weight"":""5""}]","36","8","2024-10-06"
"4","0","[{""count"":""12"",""weight"":""6""},{""count"":""12"",""weight"":""8""},{""count"":""10"",""weight"":""8""},{""count"":""8"",""weight"":""8""}]","17","8","2024-10-06"
"5","0","[{""count"":""12"",""weight"":""25""},{""count"":""12"",""weight"":""30""},{""count"":""10"",""weight"":""30""}]","7","8","2024-10-06"
"6","0","[{""count"":""12"",""weight"":""40""},{""count"":""12"",""weight"":""50""},{""count"":""12"",""weight"":""55""},{""count"":""12"",""weight"":""60""}]","22","9","2024-10-06"
"7","0","[{""count"":""12"",""weight"":""45""},{""count"":""12"",""weight"":""50""},{""count"":""10"",""weight"":""55""},{""count"":""6"",""weight"":""60""}]","21","9","2024-10-06"
"8","0","[{""count"":""12"",""weight"":""0""},{""count"":""12"",""weight"":""0""},{""count"":""12"",""weight"":""0""},{""count"":""12"",""weight"":""0""}]","8","9","2024-10-06"
"9","0","[{""count"":""12"",""weight"":""40""},{""count"":""9"",""weight"":""60""},{""count"":""6"",""weight"":""60""}]","39","9","2024-10-06"
"10","0","[{""count"":""12"",""weight"":""16""},{""count"":""12"",""weight"":""20""},{""count"":""12"",""weight"":""22""},{""count"":""12"",""weight"":""24""}]","4","10","2024-10-06"
"11","0","[{""count"":""12"",""weight"":""45""},{""count"":""12"",""weight"":""50""},{""count"":""9"",""weight"":""50""},{""count"":""7"",""weight"":""50""}]","15","10","2024-10-06"
"12","0","[{""count"":""12"",""weight"":""12""},{""count"":""12"",""weight"":""12""},{""count"":""12"",""weight"":""12""}]","34","10","2024-10-06"
"13","0","[{""count"":""12"",""weight"":""45""},{""count"":""12"",""weight"":""50""},{""count"":""10"",""weight"":""55""},{""count"":""6"",""weight"":""60""}]","28","10","2024-10-06"
"14","0","[{""count"":""12"",""weight"":""10""},{""count"":""12"",""weight"":""14""},{""count"":""10"",""weight"":""18""},{""count"":""8"",""weight"":""18""}]","24","11","2024-10-06"
"15","0","[{""count"":""12"",""weight"":""6""},{""count"":""12"",""weight"":""6""},{""count"":""12"",""weight"":""6""},{""count"":""8"",""weight"":""6""}]","29","20","2024-07-21"
"16","0","[{""count"":""12"",""weight"":""0""},{""count"":""12"",""weight"":""5""},{""count"":""10"",""weight"":""5""},{""count"":""8"",""weight"":""5""}]","27","20","2024-07-21"
"17","0","[{""count"":""12"",""weight"":""45""},{""count"":""12"",""weight"":""50""},{""count"":""10"",""weight"":""55""},{""count"":""10"",""weight"":""60""}]","22","20","2024-07-21"
"18","0","[{""count"":""12"",""weight"":""25""},{""count"":""12"",""weight"":""30""},{""count"":""8"",""weight"":""30""}]","7","20","2024-07-21"
"19","0","[{""count"":""12"",""weight"":""8""},{""count"":""12"",""weight"":""8""},{""count"":""12"",""weight"":""8""},{""count"":""12"",""weight"":""8""},{""count"":""12"",""weight"":""8""}]","5","21","2024-07-21"
"20","0","[{""count"":""12"",""weight"":""22""},{""count"":""12"",""weight"":""22""},{""count"":""12"",""weight"":""22""},{""count"":""12"",""weight"":""22""}]","30","21","2024-07-21"
"21","0","[{""count"":""12"",""weight"":""15""},{""count"":""12"",""weight"":""25""},{""count"":""12"",""weight"":""25""}]","9","21","2024-07-21"
"22","0","[{""count"":""12"",""weight"":""45""},{""count"":""12"",""weight"":""50""},{""count"":""9"",""weight"":""55""},{""count"":""5"",""weight"":""60""}]","15","21","2024-07-21"
"23","0","[{""count"":""12"",""weight"":""45""},{""count"":""12"",""weight"":""50""},{""count"":""10"",""weight"":""55""}]","21","22","2024-07-21"
"24","0","[{""count"":""18"",""weight"":""8""},{""count"":""12"",""weight"":""12""},{""count"":""12"",""weight"":""12""},{""count"":""10"",""weight"":""14""}]","24","22","2024-07-21"
"25","0","[{""count"":""12"",""weight"":""6""},{""count"":""12"",""weight"":""8""},{""count"":""12"",""weight"":""8""}]","25","22","2024-07-21"
"26","0","[{""count"":""12"",""weight"":""25""},{""count"":""12"",""weight"":""30""},{""count"":""12"",""weight"":""30""}]","7","22","2024-07-21"
"27","0","[{""count"":""18"",""weight"":""15""},{""count"":""12"",""weight"":""25""},{""count"":""12"",""weight"":""30""}]","19","22","2024-07-21"
"28","0","[{""count"":""12"",""weight"":""45""},{""count"":""12"",""weight"":""50""},{""count"":""10"",""weight"":""55""},{""count"":""7"",""weight"":""60""}]","22","23","2024-07-21"
"29","0","[{""count"":""12"",""weight"":""14""},{""count"":""12"",""weight"":""18""},{""count"":""12"",""weight"":""20""},{""count"":""8"",""weight"":""22""}]","3","23","2024-07-21"
"30","0","[{""count"":""12"",""weight"":""45""},{""count"":""10"",""weight"":""50""},{""count"":""8"",""weight"":""50""},{""count"":""6"",""weight"":""50""}]","13","23","2024-07-21"
"31","0","[{""count"":""12"",""weight"":""30""},{""count"":""12"",""weight"":""35""},{""count"":""10"",""weight"":""40""}]","28","23","2024-07-21"
"32","0","[{""count"":""12"",""weight"":""45""},{""count"":""12"",""weight"":""50""},{""count"":""10"",""weight"":""55""},{""count"":""8"",""weight"":""55""}]","21","24","2024-07-21"
"33","0","[{""count"":""10"",""weight"":""30""},{""count"":""6"",""weight"":""20""},{""count"":""4"",""weight"":""20""}]","31","24","2024-07-21"
"34","0","[{""count"":""12"",""weight"":0},{""count"":""10"",""weight"":""5""},{""count"":""8"",""weight"":""5""}]","27","24","2024-07-21"
"35","0","[{""count"":""12"",""weight"":""25""},{""count"":""10"",""weight"":""30""},{""count"":""10"",""weight"":""30""}]","7","24","2024-07-21"
"36","0","[{""count"":""12"",""weight"":""45""},{""count"":""10"",""weight"":""55""},{""count"":""5"",""weight"":""60""}]","15","24","2024-07-21"
"37","0","[{""count"":""12"",""weight"":""40""},{""count"":""12"",""weight"":""45""},{""count"":""10"",""weight"":""50""},{""count"":""8"",""weight"":""55""}]","21","25","2024-07-21"
"38","0","[{""count"":""12"",""weight"":""14""},{""count"":""12"",""weight"":""18""},{""count"":""10"",""weight"":""20""},{""count"":""10"",""weight"":""22""}]","4","25","2024-07-21"
"39","0","[{""count"":""12"",""weight"":""4""},{""count"":""12"",""weight"":""8""},{""count"":""12"",""weight"":""8""},{""count"":""10"",""weight"":""10""}]","26","25","2024-07-21"
"40","0","[{""count"":""12"",""weight"":""40""},{""count"":""10"",""weight"":""50""},{""count"":""8"",""weight"":""55""},{""count"":""5"",""weight"":""60""}]","15","25","2024-07-21"
"41","0","[{""count"":""12"",""weight"":""0""},{""count"":""12"",""weight"":""0""},{""count"":""12"",""weight"":""0""}]","8","25","2024-07-21"
"42","0","[{""count"":""12"",""weight"":""4""},{""count"":""12"",""weight"":""6""},{""count"":""8"",""weight"":""6""}]","29","25","2024-07-21"
"73","0","[{""count"":""12"",""weight"":""45""},{""count"":""12"",""weight"":""45""},{""count"":""12"",""weight"":""45""}]","22","33","2024-07-21"
"74","0","[{""count"":""12"",""weight"":""14""},{""count"":""12"",""weight"":""16""},{""count"":""12"",""weight"":""18""},{""count"":""12"",""weight"":""18""}]","4","37","2024-07-21"
"75","0","[{""count"":""12"",""weight"":""16""},{""count"":""12"",""weight"":""18""},{""count"":""10"",""weight"":""18""},{""count"":""8"",""weight"":""20""}]","3","33","2024-07-21"
"76","0","[{""count"":""12"",""weight"":""30""},{""count"":""12"",""weight"":""40""},{""count"":""8"",""weight"":""50""},{""count"":""6"",""weight"":""50""}]","13","37","2024-07-21"
"77","0","[{""count"":""10"",""weight"":""40""},{""count"":""10"",""weight"":""40""},{""count"":""6"",""weight"":""50""},{""count"":""6"",""weight"":""50""}]","13","33","2024-07-21"
"78","0","[{""count"":""12"",""weight"":""45""},{""count"":""12"",""weight"":""50""},{""count"":""10"",""weight"":""55""}]","21","37","2024-07-21"
"79","0","[{""count"":""12"",""weight"":""6""},{""count"":""12"",""weight"":""8""},{""count"":""11"",""weight"":""8""},{""count"":""8"",""weight"":""8""}]","25","37","2024-07-21"
"80","0","[{""count"":""12"",""weight"":""0""},{""count"":""12"",""weight"":""0""},{""count"":""10"",""weight"":""0""}]","7","37","2024-07-21"
"81","0","[{""count"":""12"",""weight"":""6""},{""count"":""10"",""weight"":""8""},{""count"":""8"",""weight"":""8""}]","25","33","2024-07-21"
"82","0","[{""count"":""12"",""weight"":""10""},{""count"":""12"",""weight"":""15""},{""count"":""12"",""weight"":""20""}]","19","37","2024-07-21"
"83","0","[{""count"":""12"",""weight"":""30""},{""count"":""10"",""weight"":""30""},{""count"":""6"",""weight"":""30""}]","7","33","2024-07-21"
"84","0","[{""count"":""12"",""weight"":""20""},{""count"":""12"",""weight"":""25""},{""count"":""10"",""weight"":""30""}]","19","33","2024-07-21"
"85","0","[{""count"":""12"",""weight"":""45""},{""count"":""12"",""weight"":""50""},{""count"":""12"",""weight"":""50""},{""count"":""12"",""weight"":""55""}]","22","34","2024-07-21"
"86","0","[{""count"":""12"",""weight"":""6""},{""count"":""12"",""weight"":""12""},{""count"":""12"",""weight"":""12""},{""count"":""12"",""weight"":""12""}]","5","34","2024-07-21"
"87","0","[{""count"":""12"",""weight"":""30""},{""count"":""12"",""weight"":""40""},{""count"":""10"",""weight"":""40""},{""count"":""8"",""weight"":""40""}]","11","34","2024-07-21"
"88","0","[{""count"":""12"",""weight"":""0""},{""count"":""12"",""weight"":""0""}]","27","34","2024-07-21"
"89","0","[{""count"":""12"",""weight"":""0""},{""count"":""12"",""weight"":""0""},{""count"":""12"",""weight"":""0""},{""count"":""12"",""weight"":""0""}]","8","34","2024-07-21"
"90","0","[{""count"":""10"",""weight"":""12""},{""count"":""10"",""weight"":""12""},{""count"":""6"",""weight"":""12""}]","17","34","2024-07-21"
"91","0","[{""count"":""12"",""weight"":""35""},{""count"":""12"",""weight"":""45""},{""count"":""10"",""weight"":""50""},{""count"":""10"",""weight"":""50""}]","21","35","2024-07-21"
"92","0","[{""count"":""12"",""weight"":""14""},{""count"":""12"",""weight"":""16""},{""count"":""12"",""weight"":""18""},{""count"":""12"",""weight"":""20""}]","4","35","2024-07-21"
"93","0","[{""count"":""12"",""weight"":""8""},{""count"":""12"",""weight"":""10""},{""count"":""10"",""weight"":""12""},{""count"":""10"",""weight"":""12""}]","24","35","2024-07-21"
"94","0","[{""count"":""12"",""weight"":""8""},{""count"":""12"",""weight"":""8""},{""count"":""12"",""weight"":""8""}]","14","35","2024-07-21"
"95","0","[{""count"":""12"",""weight"":""40""},{""count"":""10"",""weight"":""50""},{""count"":""10"",""weight"":""50""},{""count"":""8"",""weight"":""55""}]","15","35","2024-07-21"
"96","0","[{""count"":""12"",""weight"":""4""},{""count"":""10"",""weight"":""6""},{""count"":""10"",""weight"":""6""},{""count"":""8"",""weight"":""6""}]","29","35","2024-07-21"
"97","0","[{""count"":""12"",""weight"":""24""},{""count"":""12"",""weight"":""24""},{""count"":""12"",""weight"":""24""}]","30","35","2024-07-21"
"98","0","[{""count"":""12"",""weight"":""4""},{""count"":""12"",""weight"":""6""},{""count"":""12"",""weight"":""6""},{""count"":""12"",""weight"":""6""}]","32","35","2024-07-21"
"99","0","[{""count"":""18"",""weight"":""40""},{""count"":""12"",""weight"":""50""},{""count"":""12"",""weight"":""50""},{""count"":""8"",""weight"":""55""}]","22","36","2024-07-21"
"100","0","[{""count"":""12"",""weight"":""10""},{""count"":""12"",""weight"":""20""},{""count"":""12"",""weight"":""20""},{""count"":""12"",""weight"":""25""}]","6","36","2024-07-21"
"101","0","[{""count"":""8"",""weight"":""40""},{""count"":""8"",""weight"":""30""},{""count"":""6"",""weight"":""30""}]","31","36","2024-07-21"
"102","0","[{""count"":""12"",""weight"":0},{""count"":""12"",""weight"":0},{""count"":""12"",""weight"":0},{""count"":""10"",""weight"":0}]","27","36","2024-07-21"
"103","0","[{""count"":""12"",""weight"":""20""},{""count"":""12"",""weight"":""30""},{""count"":""10"",""weight"":""30""},{""count"":""6"",""weight"":""30""}]","7","36","2024-07-21"
"104","0","[{""count"":""10"",""weight"":""10""},{""count"":""10"",""weight"":""10""},{""count"":""8"",""weight"":""12""}]","16","36","2024-07-21"
"105","0","[{""count"":""12"",""weight"":""24""},{""count"":""12"",""weight"":""24""},{""count"":""12"",""weight"":""24""}]","30","36","2024-07-21"
"106","0","[{""count"":""12"",""weight"":""12""},{""count"":""12"",""weight"":""16""},{""count"":""12"",""weight"":""18""},{""count"":""8"",""weight"":""18""},{""count"":""7"",""weight"":""18""},{""count"":""6"",""weight"":""18""}]","3","38","2024-07-21"
"107","0","[{""count"":""12"",""weight"":""10""},{""count"":""12"",""weight"":""10""},{""count"":""10"",""weight"":""12""},{""count"":""8"",""weight"":""12""}]","24","38","2024-07-21"
"108","0","[{""count"":""12"",""weight"":""30""},{""count"":""12"",""weight"":""40""},{""count"":""10"",""weight"":""50""},{""count"":""8"",""weight"":""50""},{""count"":""6"",""weight"":""55""},{""count"":""6"",""weight"":""55""}]","15","38","2024-07-21"
"109","0","[{""count"":""12"",""weight"":""90""},{""count"":""12"",""weight"":""120""},{""count"":""12"",""weight"":""120""},{""count"":""12"",""weight"":""120""}]","23","38","2024-07-21"
"110","0","[{""count"":""12"",""weight"":""20""},{""count"":""12"",""weight"":""25""},{""count"":""8"",""weight"":""25""},{""count"":""8"",""weight"":""25""}]","9","38","2024-07-21"
"111","0","[{""count"":""12"",""weight"":""8""},{""count"":""12"",""weight"":""8""}]","17","38","2024-07-21"
"112","0","[{""count"":""12"",""weight"":""24""},{""count"":""12"",""weight"":""24""},{""count"":""12"",""weight"":""24""}]","30","38","2024-07-21"
"113","0","[{""count"":""12"",""weight"":""35""},{""count"":""12"",""weight"":""45""},{""count"":""10"",""weight"":""10""},{""count"":""8"",""weight"":""50""}]","21","39","2024-07-21"
"114","0","[{""count"":""12"",""weight"":""8""},{""count"":""12"",""weight"":""12""},{""count"":""12"",""weight"":""12""},{""count"":""12"",""weight"":""12""}]","5","39","2024-07-21"
"115","0","[{""count"":""12"",""weight"":""25""},{""count"":""12"",""weight"":""30""},{""count"":""12"",""weight"":""30""}]","11","39","2024-07-21"
"116","0","[{""count"":""12"",""weight"":""0""},{""count"":""12"",""weight"":""10""},{""count"":""12"",""weight"":""20""},{""count"":""10"",""weight"":""20""}]","33","39","2024-07-21"
"117","0","[{""count"":""12"",""weight"":""25""},{""count"":""8"",""weight"":""30""},{""count"":""7"",""weight"":""30""}]","7","39","2024-07-21"
"118","0","[{""count"":""12"",""weight"":""4""},{""count"":""12"",""weight"":""4""},{""count"":""12"",""weight"":""4""},{""count"":""12"",""weight"":""4""}]","29","39","2024-07-21"
"119","0","[{""count"":""12"",""weight"":""14""},{""count"":""12"",""weight"":""16""},{""count"":""12"",""weight"":""18""},{""count"":""10"",""weight"":""20""},{""count"":""8"",""weight"":""20""}]","4","40","2024-07-21"
"120","0","[{""count"":""12"",""weight"":""40""},{""count"":""10"",""weight"":""45""},{""count"":""10"",""weight"":""45""},{""count"":""8"",""weight"":""50""}]","13","40","2024-07-21"
"121","0","[{""count"":""12"",""weight"":""40""},{""count"":""12"",""weight"":""45""},{""count"":""10"",""weight"":""50""}]","21","40","2024-07-21"
"122","0","[{""count"":""12"",""weight"":""8""},{""count"":""12"",""weight"":""12""},{""count"":""12"",""weight"":""12""},{""count"":""10"",""weight"":""14""},{""count"":""6"",""weight"":""14""}]","24","40","2024-07-21"
"123","0","[{""count"":""12"",""weight"":""8""},{""count"":""12"",""weight"":""8""},{""count"":""10"",""weight"":""8""}]","17","40","2024-07-21"
"124","0","[{""count"":""12"",""weight"":""20""},{""count"":""9"",""weight"":""25""},{""count"":""6"",""weight"":""25""}]","7","40","2024-07-21"
"125","0","[{""count"":""12"",""weight"":""14""},{""count"":""12"",""weight"":""16""},{""count"":""8"",""weight"":""18""},{""count"":""6"",""weight"":""18""}]","3","41","2024-07-21"
"126","0","[{""count"":""12"",""weight"":""6""},{""count"":""12"",""weight"":""6""},{""count"":""12"",""weight"":""6""},{""count"":""10"",""weight"":""6""}]","14","41","2024-07-21"
"127","0","[{""count"":""12"",""weight"":""4""},{""count"":""12"",""weight"":""4""},{""count"":""10"",""weight"":""6""},{""count"":""10"",""weight"":""6""}]","25","41","2024-07-21"
"128","0","[{""count"":""12"",""weight"":""35""},{""count"":""12"",""weight"":""40""},{""count"":""9"",""weight"":""45""},{""count"":""8"",""weight"":""45""}]","21","41","2024-07-21"
"129","0","[{""count"":""12"",""weight"":""0""},{""count"":""10"",""weight"":""0""},{""count"":""7"",""weight"":""0""}]","8","41","2024-07-21"
"130","0","[{""count"":""12"",""weight"":""10""},{""count"":""12"",""weight"":""20""},{""count"":""12"",""weight"":""20""}]","19","41","2024-07-21"
"131","0","[{""count"":""12"",""weight"":""12""},{""count"":""12"",""weight"":""14""},{""count"":""12"",""weight"":""14""},{""count"":""8"",""weight"":""16""},{""count"":""8"",""weight"":""16""}]","3","42","2024-07-21"
"132","0","[{""count"":""12"",""weight"":""0""},{""count"":""12"",""weight"":""0""},{""count"":""10"",""weight"":""0""},{""count"":""8"",""weight"":""0""}]","27","42","2024-07-21"
"133","0","[{""count"":""12"",""weight"":""30""},{""count"":""12"",""weight"":""35""},{""count"":""12"",""weight"":""35""},{""count"":""10"",""weight"":""40""}]","15","42","2024-07-21"
"134","0","[{""count"":""12"",""weight"":""4""},{""count"":""12"",""weight"":""4""},{""count"":""12"",""weight"":""4""}]","16","42","2024-07-21"
"135","0","[{""count"":""12"",""weight"":""35""},{""count"":""12"",""weight"":""40""},{""count"":""10"",""weight"":""40""},{""count"":""10"",""weight"":""40""}]","21","42","2024-07-21"
"136","0","[{""count"":""12"",""weight"":""0""},{""count"":""10"",""weight"":""0""},{""count"":""6"",""weight"":""0""},{""count"":""4"",""weight"":""0""}]","8","42","2024-07-21"
"160","0","[{""count"":12,""weight"":16},{""count"":12,""weight"":20},{""count"":12,""weight"":20},{""count"":12,""weight"":22}]","4","85","2024-07-30"
"161","0","[{""count"":12,""weight"":10},{""count"":12,""weight"":10},{""count"":12,""weight"":10}]","34","85","2024-07-30"
"162","0","[{""count"":12,""weight"":8},{""count"":12,""weight"":8},{""count"":12,""weight"":12},{""count"":8,""weight"":12}]","14","85","2024-07-30"
"163","0","[{""count"":10,""weight"":45},{""count"":8,""weight"":50},{""count"":6,""weight"":55},{""count"":5,""weight"":60}]","13","85","2024-07-30"
"164","0","[{""count"":12,""weight"":8},{""count"":12,""weight"":10},{""count"":12,""weight"":14},{""count"":10,""weight"":14}]","24","86","2024-07-30"
"165","0","[{""count"":12,""weight"":0},{""count"":10,""weight"":5},{""count"":10,""weight"":5}]","27","86","2024-07-30"
"166","0","[{""count"":8,""weight"":15},{""count"":12,""weight"":5},{""count"":12,""weight"":5},{""count"":12,""weight"":5}]","19","86","2024-07-30"
"167","0","[{""count"":12,""weight"":25},{""count"":12,""weight"":30},{""count"":11,""weight"":30}]","7","86","2024-07-30"
"168","0","[{""count"":12,""weight"":45},{""count"":12,""weight"":50},{""count"":11,""weight"":55},{""count"":8,""weight"":60}]","22","87","2024-07-30"
"169","0","[{""count"":12,""weight"":45},{""count"":12,""weight"":50},{""count"":8,""weight"":55},{""count"":6,""weight"":60}]","15","87","2024-07-30"
"170","0","[{""count"":12,""weight"":0},{""count"":12,""weight"":0},{""count"":12,""weight"":0},{""count"":12,""weight"":0}]","8","87","2024-07-30"
"171","0","[{""count"":12,""weight"":45},{""count"":10,""weight"":55},{""count"":6,""weight"":60}]","21","87","2024-07-30"
"172","0","[{""count"":12,""weight"":18},{""count"":12,""weight"":18},{""count"":11,""weight"":20},{""count"":4,""weight"":22}]","3","88","2024-09-17"
"173","0","[{""count"":12,""weight"":45},{""count"":10,""weight"":50},{""count"":6,""weight"":55},{""count"":5,""weight"":60}]","13","88","2024-09-17"
"174","0","[{""count"":12,""weight"":8},{""count"":12,""weight"":12},{""count"":12,""weight"":12}]","5","88","2024-09-17"
"175","0","[{""count"":10,""weight"":30},{""count"":8,""weight"":25},{""count"":4,""weight"":20}]","31","88","2024-09-17"
"176","0","[{""count"":12,""weight"":0},{""count"":12,""weight"":0},{""count"":12,""weight"":0},{""count"":12,""weight"":0}]","27","89","2024-09-17"
"177","0","[{""count"":12,""weight"":0},{""count"":12,""weight"":0},{""count"":12,""weight"":0},{""count"":12,""weight"":0}]","36","89","2024-09-17"
"178","0","[{""count"":12,""weight"":20},{""count"":12,""weight"":25},{""count"":12,""weight"":25},{""count"":7,""weight"":25}]","9","89","2024-09-17"
"179","0","[{""count"":12,""weight"":4},{""count"":12,""weight"":6},{""count"":12,""weight"":6}]","29","89","2024-09-17"
"180","0","[{""count"":12,""weight"":45},{""count"":12,""weight"":50},{""count"":12,""weight"":55},{""count"":9,""weight"":60}]","22","90","2024-09-17"
"181","0","[{""count"":0,""weight"":0},{""count"":8,""weight"":10},{""count"":8,""weight"":10}]","20","90","2024-09-17"
"182","0","[{""count"":12,""weight"":30},{""count"":12,""weight"":35},{""count"":10,""weight"":40},{""count"":8,""weight"":45}]","28","90","2024-09-17"
"183","0","[{""count"":12,""weight"":0},{""count"":12,""weight"":0},{""count"":12,""weight"":0}]","8","90","2024-09-17"
"185","0","[{""count"":12,""weight"":16},{""count"":12,""weight"":18},{""count"":10,""weight"":22},{""count"":7,""weight"":24}]","4","92","2024-09-17"
"186","0","[{""count"":12,""weight"":6},{""count"":12,""weight"":12},{""count"":11,""weight"":12},{""count"":10,""weight"":12}]","37","92","2024-09-17"
"187","0","[{""count"":12,""weight"":12},{""count"":12,""weight"":12},{""count"":12,""weight"":12}]","34","92","2024-09-17"
"188","0","[{""count"":12,""weight"":45},{""count"":12,""weight"":50},{""count"":6,""weight"":60}]","15","92","2024-09-17"
"189","0","[{""count"":12,""weight"":10},{""count"":12,""weight"":14},{""count"":10,""weight"":14},{""count"":10,""weight"":14}]","24","93","2024-09-17"
"190","0","[{""count"":10,""weight"":8},{""count"":10,""weight"":8},{""count"":10,""weight"":8}]","25","93","2024-09-17"
"191","0","[{""count"":12,""weight"":8},{""count"":12,""weight"":8},{""count"":12,""weight"":10}]","17","93","2024-09-17"
"192","0","[{""count"":12,""weight"":25},{""count"":10,""weight"":30},{""count"":8,""weight"":30}]","7","93","2024-09-17"
"193","0","[{""count"":12,""weight"":16},{""count"":12,""weight"":20},{""count"":8,""weight"":22},{""count"":3,""weight"":24}]","3","94","2024-09-17"
"194","0","[{""count"":12,""weight"":45},{""count"":12,""weight"":45},{""count"":11,""weight"":45},{""count"":10,""weight"":45}]","15","94","2024-09-17"
"195","0","[{""count"":12,""weight"":10},{""count"":12,""weight"":10},{""count"":12,""weight"":10}]","5","94","2024-09-17"
"196","0","[{""count"":12,""weight"":30},{""count"":10,""weight"":40},{""count"":10,""weight"":40}]","11","94","2024-09-17"
"197","0","[{""count"":12,""weight"":8},{""count"":10,""weight"":12},{""count"":10,""weight"":12},{""count"":10,""weight"":12},{""count"":10,""weight"":12}]","26","95","2024-09-17"
"198","0","[{""count"":12,""weight"":12},{""count"":12,""weight"":12},{""count"":10,""weight"":12}]","10","95","2024-09-17"
"199","0","[{""count"":12,""weight"":0},{""count"":8,""weight"":5},{""count"":8,""weight"":5},{""count"":8,""weight"":5}]","36","95","2024-09-17"
"200","0","[{""count"":12,""weight"":20},{""count"":12,""weight"":25},{""count"":12,""weight"":25}]","19","95","2024-09-17"
"201","0","[{""count"":12,""weight"":45},{""count"":12,""weight"":50},{""count"":12,""weight"":55},{""count"":8,""weight"":60}]","22","96","2024-09-17"
"202","0","[{""count"":12,""weight"":45},{""count"":12,""weight"":50},{""count"":10,""weight"":55},{""count"":8,""weight"":60}]","21","96","2024-09-17"
"203","0","[{""count"":12,""weight"":40},{""count"":12,""weight"":45},{""count"":10,""weight"":50},{""count"":6,""weight"":55},{""count"":4,""weight"":60}]","13","96","2024-09-17"
"204","0","[{""count"":16,""weight"":0},{""count"":16,""weight"":0},{""count"":10,""weight"":0}]","8","96","2024-09-17"
"205","0","[{""count"":12,""weight"":6},{""count"":8,""weight"":8},{""count"":6,""weight"":8}]","29","96","2024-09-17"
"206","0","[{""count"":12,""weight"":16},{""count"":12,""weight"":20},{""count"":12,""weight"":22},{""count"":12,""weight"":22}]","4","97","2024-09-17"
"207","0","[{""count"":12,""weight"":30},{""count"":12,""weight"":40},{""count"":12,""weight"":40},{""count"":8,""weight"":45}]","28","97","2024-09-17"
"208","0","[{""count"":12,""weight"":10},{""count"":12,""weight"":12},{""count"":10,""weight"":14}]","34","97","2024-09-17"
"209","0","[{""count"":12,""weight"":15},{""count"":12,""weight"":30},{""count"":12,""weight"":45}]","15","97","2024-09-17"
"210","0","[{""count"":12,""weight"":0},{""count"":12,""weight"":5},{""count"":8,""weight"":5},{""count"":8,""weight"":5}]","27","98","2024-09-17"
"211","0","[{""count"":12,""weight"":0},{""count"":12,""weight"":0},{""count"":10,""weight"":5},{""count"":9,""weight"":5}]","36","98","2024-09-17"
"212","0","[{""count"":12,""weight"":30},{""count"":11,""weight"":30},{""count"":8,""weight"":30},{""count"":6,""weight"":30}]","7","98","2024-09-17"
"213","0","[{""count"":12,""weight"":10},{""count"":12,""weight"":10}]","17","98","2024-09-17"
"214","0","[{""count"":12,""weight"":45},{""count"":12,""weight"":50},{""count"":12,""weight"":55},{""count"":10,""weight"":60}]","22","99","2024-09-17"
"215","0","[{""count"":12,""weight"":45},{""count"":12,""weight"":50},{""count"":10,""weight"":55},{""count"":8,""weight"":55}]","21","99","2024-09-17"
"216","0","[{""count"":12,""weight"":0},{""count"":12,""weight"":0},{""count"":12,""weight"":0}]","8","99","2024-09-17"
"217","0","[{""count"":12,""weight"":5},{""count"":12,""weight"":10},{""count"":12,""weight"":10}]","38","99","2024-09-17"
"218","0","[{""count"":12,""weight"":45},{""count"":10,""weight"":50},{""count"":6,""weight"":55}]","13","99","2024-09-17"
"219","0","[{""count"":12,""weight"":16},{""count"":12,""weight"":20},{""count"":10,""weight"":22},{""count"":5,""weight"":24}]","3","100","2024-09-17"
"220","0","[{""count"":12,""weight"":45},{""count"":11,""weight"":50},{""count"":10,""weight"":50},{""count"":7,""weight"":55}]","15","100","2024-09-17"
"221","0","[{""count"":12,""weight"":8},{""count"":12,""weight"":10},{""count"":12,""weight"":10}]","5","100","2024-09-17"
"222","0","[{""count"":10,""weight"":25},{""count"":7,""weight"":25},{""count"":6,""weight"":25}]","31","100","2024-09-17"
"223","0","[{""count"":12,""weight"":6},{""count"":12,""weight"":8},{""count"":9,""weight"":8},{""count"":8,""weight"":8}]","25","101","2024-09-17"
"224","0","[{""count"":12,""weight"":12},{""count"":12,""weight"":16},{""count"":9,""weight"":16},{""count"":9,""weight"":16}]","24","101","2024-09-17"
"225","0","[{""count"":12,""weight"":8},{""count"":11,""weight"":8},{""count"":8,""weight"":8}]","29","101","2024-09-17"
"226","0","[{""count"":12,""weight"":30},{""count"":9,""weight"":30},{""count"":8,""weight"":30}]","7","101","2024-09-17"
"227","0","[{""count"":12,""weight"":6},{""count"":12,""weight"":12},{""count"":12,""weight"":12},{""count"":12,""weight"":12}]","14","102","2024-09-17"
"228","0","[{""count"":12,""weight"":40},{""count"":12,""weight"":45},{""count"":12,""weight"":50},{""count"":8,""weight"":55},{""count"":6,""weight"":60}]","21","102","2024-09-17"
"229","0","[{""count"":12,""weight"":0},{""count"":12,""weight"":0},{""count"":12,""weight"":0}]","8","102","2024-09-17"
"230","0","[{""count"":12,""weight"":20},{""count"":6,""weight"":60},{""count"":6,""weight"":60},{""count"":6,""weight"":60}]","39","102","2024-09-17"
"231","0","[{""count"":12,""weight"":0},{""count"":12,""weight"":5},{""count"":12,""weight"":5},{""count"":12,""weight"":5}]","36","103","2024-09-17"
"232","0","[{""count"":12,""weight"":6},{""count"":12,""weight"":6},{""count"":12,""weight"":6},{""count"":12,""weight"":6}]","25","103","2024-09-17"
"233","0","[{""count"":12,""weight"":20},{""count"":12,""weight"":25},{""count"":12,""weight"":25}]","10","103","2024-09-17"
"234","0","[{""count"":12,""weight"":15},{""count"":12,""weight"":20},{""count"":12,""weight"":25}]","19","103","2024-09-17"
"235","0","[{""count"":16,""weight"":40},{""count"":12,""weight"":50},{""count"":11,""weight"":55},{""count"":9,""weight"":60}]","22","104","2024-09-17"
"236","0","[{""count"":12,""weight"":40},{""count"":12,""weight"":50},{""count"":10,""weight"":55}]","21","104","2024-09-17"
"237","0","[{""count"":12,""weight"":0},{""count"":12,""weight"":0},{""count"":12,""weight"":0},{""count"":12,""weight"":0}]","8","104","2024-09-17"
"238","0","[{""count"":12,""weight"":40},{""count"":12,""weight"":50},{""count"":7,""weight"":55},{""count"":6,""weight"":55}]","13","104","2024-09-17"
"239","0","[{""count"":12,""weight"":16},{""count"":12,""weight"":20},{""count"":10,""weight"":24},{""count"":10,""weight"":24}]","4","105","2024-09-17"
"240","0","[{""count"":12,""weight"":40},{""count"":12,""weight"":40},{""count"":10,""weight"":45},{""count"":6,""weight"":50}]","28","105","2024-09-17"
"241","0","[{""count"":12,""weight"":10},{""count"":12,""weight"":20},{""count"":12,""weight"":25}]","6","105","2024-09-17"
"242","0","[{""count"":12,""weight"":30},{""count"":12,""weight"":30},{""count"":12,""weight"":35}]","40","105","2024-09-17"
"243","0","[{""count"":12,""weight"":10},{""count"":12,""weight"":14},{""count"":12,""weight"":16},{""count"":10,""weight"":16}]","24","106","2024-09-22"
"244","0","[{""count"":12,""weight"":0},{""count"":10,""weight"":5},{""count"":10,""weight"":5},{""count"":8,""weight"":5}]","27","106","2024-09-22"
"245","0","[{""count"":12,""weight"":30},{""count"":10,""weight"":30},{""count"":6,""weight"":30}]","7","106","2024-09-22"
"246","0","[{""count"":12,""weight"":6},{""count"":12,""weight"":6},{""count"":12,""weight"":8}]","29","106","2024-09-22"
"247","0","[{""count"":12,""weight"":80},{""count"":12,""weight"":100},{""count"":12,""weight"":110},{""count"":12,""weight"":120}]","23","107","2024-09-22"
"248","0","[{""count"":12,""weight"":50},{""count"":12,""weight"":55},{""count"":10,""weight"":60}]","22","107","2024-09-22"
"249","0","[{""count"":12,""weight"":0},{""count"":12,""weight"":0},{""count"":12,""weight"":0},{""count"":12,""weight"":0}]","8","107","2024-09-22"
"250","0","[{""count"":12,""weight"":40},{""count"":12,""weight"":50},{""count"":8,""weight"":55}]","15","107","2024-09-22"
"251","0","[{""count"":12,""weight"":16},{""count"":12,""weight"":20},{""count"":10,""weight"":22},{""count"":5,""weight"":24}]","3","108","2024-09-22"
"252","0","[{""count"":12,""weight"":30},{""count"":12,""weight"":40},{""count"":12,""weight"":40},{""count"":12,""weight"":45}]","11","108","2024-09-22"
"253","0","[{""count"":12,""weight"":12},{""count"":12,""weight"":12},{""count"":12,""weight"":12}]","5","108","2024-09-22"
"254","0","[{""count"":12,""weight"":45},{""count"":11,""weight"":55},{""count"":6,""weight"":60}]","13","108","2024-09-22"
"300","0","[{""count"":""12"",""weight"":""6""},{""count"":""12"",""weight"":""6""},{""count"":""8"",""weight"":""8""}]","25","11","2024-10-07"
"301","0","[{""count"":""12"",""weight"":""25""},{""count"":""10"",""weight"":""30""},{""count"":""8"",""weight"":""30""},{""count"":""7"",""weight"":""30""}]","7","11","2024-10-07"
"302","0","[{""count"":""12"",""weight"":""10""},{""count"":""12"",""weight"":""10""},{""count"":""12"",""weight"":""10""},{""count"":""8"",""weight"":""15""}]","41","11","2024-10-07"
"303","0","[{""count"":""12"",""weight"":""45""},{""count"":""12"",""weight"":""50""},{""count"":""11"",""weight"":""60""},{""count"":""10"",""weight"":""60""}]","22","150","2024-10-07"
"304","0","[{""count"":""12"",""weight"":""45""},{""count"":""12"",""weight"":""50""},{""count"":""10"",""weight"":""55""},{""count"":""8"",""weight"":""60""}]","21","150","2024-10-07"
"305","0","[{""count"":""16"",""weight"":""0""},{""count"":""12"",""weight"":""0""},{""count"":""12"",""weight"":""0""}]","8","150","2024-10-07"
"306","0","[{""count"":""12"",""weight"":""40""},{""count"":""12"",""weight"":""45""},{""count"":""10"",""weight"":""50""},{""count"":""7"",""weight"":""50""}]","15","150","2024-10-07"
"307","0","[{""count"":""12"",""weight"":""16""},{""count"":""12"",""weight"":""20""},{""count"":""10"",""weight"":""24""},{""count"":""7"",""weight"":""24""}]","3","151","2024-10-07"
"308","0","[{""count"":""12"",""weight"":""12""},{""count"":""12"",""weight"":""12""},{""count"":""12"",""weight"":""12""}]","5","151","2024-10-07"
"309","0","[{""count"":""12"",""weight"":""10""},{""count"":""12"",""weight"":""12""},{""count"":""10"",""weight"":""16""},{""count"":""10"",""weight"":""16""}]","14","151","2024-10-07"
"310","0","[{""count"":""12"",""weight"":""30""},{""count"":""12"",""weight"":""45""},{""count"":""8"",""weight"":""60""}]","39","151","2024-10-07"
"311","0","[{""count"":""12"",""weight"":""12""},{""count"":""12"",""weight"":""16""},{""count"":""12"",""weight"":""16""},{""count"":""9"",""weight"":""18""}]","24","152","2024-10-09"
"312","0","[{""count"":""12"",""weight"":""0""},{""count"":""10"",""weight"":""5""},{""count"":""10"",""weight"":""5""},{""count"":""10"",""weight"":""5""}]","27","152","2024-10-09"
"313","0","[{""count"":""12"",""weight"":""20""},{""count"":""12"",""weight"":""25""},{""count"":""10"",""weight"":""30""}]","9","152","2024-10-09"
"314","0","[{""count"":""12"",""weight"":""5""},{""count"":""12"",""weight"":""10""},{""count"":""12"",""weight"":""10""},{""count"":""10"",""weight"":""15""}]","35","152","2024-10-09"
"315","0","[{""count"":""12"",""weight"":""45""},{""count"":""12"",""weight"":""50""},{""count"":""12"",""weight"":""60""},{""count"":""8"",""weight"":""65""}]","22","153","2024-10-11"
"316","0","[{""count"":""12"",""weight"":""45""},{""count"":""12"",""weight"":""50""},{""count"":""11"",""weight"":""55""},{""count"":""8"",""weight"":""60""}]","21","153","2024-10-11"
"317","0","[{""count"":""16"",""weight"":""0""},{""count"":""12"",""weight"":""0""},{""count"":""12"",""weight"":""0""},{""count"":""12"",""weight"":""0""}]","8","153","2024-10-11"
"318","0","[{""count"":""12"",""weight"":""45""},{""count"":""11"",""weight"":""50""},{""count"":""7"",""weight"":""55""},{""count"":""6"",""weight"":""55""}]","15","153","2024-10-11"
"319","0","[{""count"":""12"",""weight"":""16""},{""count"":""12"",""weight"":""20""},{""count"":""12"",""weight"":""24""},{""count"":""8"",""weight"":""26""}]","4","154","2024-10-13"
"320","0","[{""count"":""12"",""weight"":""25""},{""count"":""12"",""weight"":""25""},{""count"":""12"",""weight"":""30""}]","6","154","2024-10-13"
"321","0","[{""count"":""12"",""weight"":""20""},{""count"":""12"",""weight"":""40""},{""count"":""12"",""weight"":""40""},{""count"":""12"",""weight"":""45""}]","11","154","2024-10-13"
"322","0","[{""count"":""12"",""weight"":""40""},{""count"":""12"",""weight"":""50""},{""count"":""8"",""weight"":""60""}]","39","154","2024-10-13"
"323","0","[{""count"":""12"",""weight"":""0""},{""count"":""12"",""weight"":""5""},{""count"":""12"",""weight"":""5""},{""count"":""12"",""weight"":""5""}]","36","155","2024-10-16"
"324","0","[{""count"":""12"",""weight"":""16""},{""count"":""12"",""weight"":""18""},{""count"":""10"",""weight"":""18""},{""count"":""6"",""weight"":""20""}]","24","155","2024-10-16"
"325","0","[{""count"":""12"",""weight"":""20""},{""count"":""12"",""weight"":""25""},{""count"":""12"",""weight"":""25""}]","19","155","2024-10-16"
"326","0","[{""count"":""12"",""weight"":""25""},{""count"":""12"",""weight"":""25""},{""count"":""11"",""weight"":""25""}]","7","155","2024-10-16"
"327","0","[{""count"":""12"",""weight"":""12""},{""count"":""12"",""weight"":""14""},{""count"":""8"",""weight"":""14""},{""count"":""8"",""weight"":""14""}]","20","156","2024-10-18"
"328","0","[{""count"":""12"",""weight"":""50""},{""count"":""10"",""weight"":""60""},{""count"":""7"",""weight"":""65""}]","21","156","2024-10-18"
"329","0","[{""count"":""16"",""weight"":""0""},{""count"":""16"",""weight"":""0""},{""count"":""16"",""weight"":""0""},{""count"":""16"",""weight"":""0""}]","8","156","2024-10-18"
"330","0","[{""count"":""12"",""weight"":""50""},{""count"":""12"",""weight"":""50""},{""count"":""7"",""weight"":""55""},{""count"":""7"",""weight"":""55""}]","15","156","2024-10-18"
"331","0","[{""count"":""12"",""weight"":""16""},{""count"":""12"",""weight"":""20""},{""count"":""12"",""weight"":""24""},{""count"":""10"",""weight"":""26""}]","3","157","2024-10-20"
"332","0","[{""count"":""12"",""weight"":""12""},{""count"":""12"",""weight"":""12""},{""count"":""12"",""weight"":""12""}]","5","157","2024-10-20"
"333","0","[{""count"":""12"",""weight"":""45""},{""count"":""11"",""weight"":""55""},{""count"":""6"",""weight"":""60""},{""count"":""5"",""weight"":""60""}]","13","157","2024-10-20"
"334","0",,"3","157","2024-10-20"
"335","0","[{""count"":""12"",""weight"":""16""},{""count"":""11"",""weight"":""16""},{""count"":""10"",""weight"":""16""},{""count"":""8"",""weight"":""16""}]","37","157","2024-10-20"
"336","0","[{""count"":""12"",""weight"":""14""},{""count"":""7"",""weight"":""20""},{""count"":""12"",""weight"":""20""},{""count"":""7"",""weight"":""20""}]","24","158","2024-11-06"
"337","0","[{""count"":""12"",""weight"":""0""},{""count"":""10"",""weight"":""5""},{""count"":""8"",""weight"":""5""},{""count"":""6"",""weight"":""5""}]","27","158","2024-11-06"
"338","0","[{""count"":""12"",""weight"":""25""},{""count"":""12"",""weight"":""25""},{""count"":""11"",""weight"":""25""},{""count"":""8"",""weight"":""25""}]","7","158","2024-11-06"
"339","0","[{""count"":""12"",""weight"":""12""},{""count"":""12"",""weight"":""12""}]","17","158","2024-11-06"
"340","0","[{""count"":""12"",""weight"":""45""},{""count"":""12"",""weight"":""55""},{""count"":""12"",""weight"":""60""},{""count"":""10"",""weight"":""65""}]","22","159","2024-11-08"
"341","0","[{""count"":""12"",""weight"":""45""},{""count"":""12"",""weight"":""55""},{""count"":""12"",""weight"":""60""},{""count"":""10"",""weight"":""65""}]","21","159","2024-11-08"
"342","0","[{""count"":""12"",""weight"":""50""},{""count"":""12"",""weight"":""50""},{""count"":""8"",""weight"":""55""},{""count"":""6"",""weight"":""55""}]","15","159","2024-11-08"
"343","0","[{""count"":""16"",""weight"":""0""},{""count"":""16"",""weight"":""0""},{""count"":""16"",""weight"":""0""},{""count"":""16"",""weight"":""0""}]","8","159","2024-11-08"
"344","0","[{""count"":""12"",""weight"":""16""},{""count"":""12"",""weight"":""20""},{""count"":""12"",""weight"":""24""},{""count"":""10"",""weight"":""26""}]","4","160","2024-11-10"
"345","0","[{""count"":""12"",""weight"":""40""},{""count"":""12"",""weight"":""45""},{""count"":""12"",""weight"":""45""},{""count"":""10"",""weight"":""50""}]","28","160","2024-11-10"
"346","0","[{""count"":""12"",""weight"":""10""},{""count"":""12"",""weight"":""10""},{""count"":""12"",""weight"":""10""}]","5","160","2024-11-10"
"347","0","[{""count"":""12"",""weight"":""45""},{""count"":""12"",""weight"":""50""},{""count"":""12"",""weight"":""50""}]","11","160","2024-11-10"
"348","0","[{""count"":""12"",""weight"":""8""},{""count"":""12"",""weight"":""8""},{""count"":""10"",""weight"":""8""},{""count"":""10"",""weight"":""8""}]","25","161","2024-11-14"
"349","0","[{""count"":""12"",""weight"":""16""},{""count"":""12"",""weight"":""20""},{""count"":""8"",""weight"":""20""},{""count"":""7"",""weight"":""20""}]","24","161","2024-11-14"
"350","0","[{""count"":""12"",""weight"":""6""},{""count"":""12"",""weight"":""6""},{""count"":""12"",""weight"":""6""},{""count"":""12"",""weight"":""6""}]","29","161","2024-11-14"
"351","0","[{""count"":""12"",""weight"":""25""},{""count"":""12"",""weight"":""25""},{""count"":""11"",""weight"":""25""},{""count"":""10"",""weight"":""25""}]","7","161","2024-11-14"
"352","0","[{""count"":""12"",""weight"":""45""},{""count"":""12"",""weight"":""55""},{""count"":""12"",""weight"":""60""},{""count"":""10"",""weight"":""65""}]","21","162","2024-11-15"
"353","0","[{""count"":""12"",""weight"":""45""},{""count"":""12"",""weight"":""55""},{""count"":""12"",""weight"":""65""},{""count"":""8"",""weight"":""70""}]","22","162","2024-11-15"
"354","0","[{""count"":""16"",""weight"":""0""},{""count"":""16"",""weight"":""0""},{""count"":""16"",""weight"":""0""}]","8","162","2024-11-15"
"355","0","[{""count"":""12"",""weight"":""0""},{""count"":""9"",""weight"":""0""},{""count"":""9"",""weight"":""0""}]","12","162","2024-11-15"
"356","0","[{""count"":""12"",""weight"":""16""},{""count"":""12"",""weight"":""22""},{""count"":""12"",""weight"":""24""},{""count"":""11"",""weight"":""26""},{""count"":""6"",""weight"":""28""}]","3","163","2024-11-17"
"357","0","[{""count"":""12"",""weight"":""45""},{""count"":""12"",""weight"":""55""},{""count"":""10"",""weight"":""55""},{""count"":""5"",""weight"":""60""}]","15","163","2024-11-17"
"358","0","[{""count"":""12"",""weight"":""30""},{""count"":""12"",""weight"":""30""},{""count"":""12"",""weight"":""35""}]","6","163","2024-11-17"
"359","0","[{""count"":""12"",""weight"":""50""},{""count"":""8"",""weight"":""55""},{""count"":""7"",""weight"":""55""},{""count"":""7"",""weight"":""55""}]","13","163","2024-11-17"
"360","0","[{""count"":""12"",""weight"":""50""},{""count"":""12"",""weight"":""60""},{""count"":""12"",""weight"":""70""},{""count"":""7"",""weight"":""75""}]","22","164","2024-11-22"
"361","0","[{""count"":""12"",""weight"":""18""},{""count"":""12"",""weight"":""20""},{""count"":""10"",""weight"":""20""},{""count"":""7"",""weight"":""20""}]","24","164","2024-11-22"
"362","0","[{""count"":""16"",""weight"":""0""},{""count"":""16"",""weight"":""0""},{""count"":""16"",""weight"":""0""},{""count"":""16"",""weight"":""0""}]","8","164","2024-11-22"
"363","0","[{""count"":""12"",""weight"":""25""},{""count"":""12"",""weight"":""25""},{""count"":""12"",""weight"":""30""},{""count"":""8"",""weight"":""30""}]","19","164","2024-11-22"
"364","0","[{""count"":""12"",""weight"":""20""},{""count"":""12"",""weight"":""24""},{""count"":""12"",""weight"":""26""},{""count"":""9"",""weight"":""28""}]","4","165","2024-11-24"
"365","0","[{""count"":""12"",""weight"":""12""},{""count"":""12"",""weight"":""12""},{""count"":""12"",""weight"":""12""},{""count"":""12"",""weight"":""12""}]","34","165","2024-11-24"
"366","0","[{""count"":""12"",""weight"":""40""},{""count"":""12"",""weight"":""50""},{""count"":""11"",""weight"":""55""},{""count"":""7"",""weight"":""60""}]","28","165","2024-11-24"
"367","0","[{""count"":""12"",""weight"":""40""},{""count"":""12"",""weight"":""50""},{""count"":""11"",""weight"":""55""},{""count"":""10"",""weight"":""60""}]","11","165","2024-11-24"
"368","0","[{""count"":""12"",""weight"":""18""},{""count"":""12"",""weight"":""20""},{""count"":""12"",""weight"":""20""},{""count"":""7"",""weight"":""22""}]","24","166","2024-11-27"
"369","0","[{""count"":""12"",""weight"":""0""},{""count"":""10"",""weight"":""5""},{""count"":""8"",""weight"":""5""}]","36","166","2024-11-27"
"370","0","[{""count"":""12"",""weight"":""6""},{""count"":""10"",""weight"":""6""},{""count"":""8"",""weight"":""6""}]","25","166","2024-11-27"
"371","0","[{""count"":""12"",""weight"":""30""},{""count"":""12"",""weight"":""30""},{""count"":""10"",""weight"":""30""},{""count"":""8"",""weight"":""30""}]","7","166","2024-11-27"
"372","0","[{""count"":""12"",""weight"":""8""},{""count"":""12"",""weight"":""10""},{""count"":""10"",""weight"":""12""}]","16","166","2024-11-27"
"373","0","[{""count"":""12"",""weight"":""50""},{""count"":""12"",""weight"":""60""},{""count"":""12"",""weight"":""70""},{""count"":""8"",""weight"":""75""}]","22","167","2024-11-29"
"374","0","[{""count"":""12"",""weight"":""50""},{""count"":""12"",""weight"":""60""},{""count"":""11"",""weight"":""65""},{""count"":""6"",""weight"":""70""}]","21","167","2024-11-29"
"375","0","[{""count"":""12"",""weight"":""50""},{""count"":""12"",""weight"":""55""},{""count"":""12"",""weight"":""55""},{""count"":""10"",""weight"":""60""}]","11","167","2024-11-29"
"376","0","[{""count"":""16"",""weight"":""0""},{""count"":""16"",""weight"":""0""},{""count"":""16"",""weight"":""0""},{""count"":""16"",""weight"":""0""}]","8","167","2024-11-29"
"377","0","[{""count"":""12"",""weight"":""20""},{""count"":""12"",""weight"":""24""},{""count"":""11"",""weight"":""26""},{""count"":""6"",""weight"":""28""}]","3","168","2024-12-01"
"378","0","[{""count"":""12"",""weight"":""50""},{""count"":""10"",""weight"":""60""},{""count"":""9"",""weight"":""60""},{""count"":""7"",""weight"":""60""}]","13","168","2024-12-01"
"379","0","[{""count"":""12"",""weight"":""30""},{""count"":""11"",""weight"":""40""},{""count"":""10"",""weight"":""40""}]","6","168","2024-12-01"
"380","0","[{""count"":""12"",""weight"":""50""},{""count"":""10"",""weight"":""55""},{""count"":""8"",""weight"":""55""},{""count"":""5"",""weight"":""60""}]","15","168","2024-12-01"
"381","0","[{""count"":""12"",""weight"":""18""},{""count"":""12"",""weight"":""20""},{""count"":""10"",""weight"":""22""},{""count"":""6"",""weight"":""22""}]","24","169","2024-12-04"
"382","0","[{""count"":""12"",""weight"":""0""},{""count"":""12"",""weight"":""0""},{""count"":""10"",""weight"":""5""},{""count"":""10"",""weight"":""5""}]","27","169","2024-12-04"
"383","0","[{""count"":""12"",""weight"":""25""},{""count"":""12"",""weight"":""30""},{""count"":""10"",""weight"":""35""}]","9","169","2024-12-04"
"384","0","[{""count"":""12"",""weight"":""25""},{""count"":""12"",""weight"":""30""},{""count"":""12"",""weight"":""30""}]","19","169","2024-12-04"
"385","0","[{""count"":""12"",""weight"":""50""},{""count"":""12"",""weight"":""60""},{""count"":""12"",""weight"":""70""},{""count"":""10"",""weight"":""75""}]","22","170","2024-12-06"
"386","0","[{""count"":""12"",""weight"":""50""},{""count"":""12"",""weight"":""60""},{""count"":""12"",""weight"":""65""},{""count"":""8"",""weight"":""70""}]","21","170","2024-12-06"
"387","0","[{""count"":""16"",""weight"":""0""},{""count"":""16"",""weight"":""0""},{""count"":""16"",""weight"":""0""},{""count"":""16"",""weight"":""0""}]","8","170","2024-12-06"
"388","0","[{""count"":""12"",""weight"":""40""},{""count"":""12"",""weight"":""50""},{""count"":""6"",""weight"":""60""}]","39","170","2024-12-06"
"389","0","[{""count"":""12"",""weight"":""20""},{""count"":""12"",""weight"":""24""},{""count"":""12"",""weight"":""26""},{""count"":""10"",""weight"":""28""}]","4","171","2024-12-10"
"390","0","[{""count"":""12"",""weight"":""16""},{""count"":""12"",""weight"":""16""},{""count"":""12"",""weight"":""18""},{""count"":""12"",""weight"":""18""}]","37","171","2024-12-10"
"391","0","[{""count"":""12"",""weight"":""10""},{""count"":""12"",""weight"":""10""},{""count"":""12"",""weight"":""14""}]","34","171","2024-12-10"
"392","0","[{""count"":""12"",""weight"":""50""},{""count"":""11"",""weight"":""55""},{""count"":""7"",""weight"":""60""},{""count"":""5"",""weight"":""60""}]","15","171","2024-12-10"
"393","0","[{""count"":""12"",""weight"":""18""},{""count"":""12"",""weight"":""22""},{""count"":""8"",""weight"":""22""},{""count"":""7"",""weight"":""24""}]","24","172","2024-12-11"
"394","0","[{""count"":""12"",""weight"":""0""},{""count"":""12"",""weight"":""5""},{""count"":""12"",""weight"":""5""}]","36","172","2024-12-11"
"395","0","[{""count"":""12"",""weight"":""6""},{""count"":""12"",""weight"":""6""},{""count"":""12"",""weight"":""6""}]","25","172","2024-12-11"
"396","0","[{""count"":""12"",""weight"":""30""},{""count"":""12"",""weight"":""30""},{""count"":""12"",""weight"":""35""},{""count"":""10"",""weight"":""35""}]","7","172","2024-12-11"
"397","0","[{""count"":""12"",""weight"":""30""},{""count"":""12"",""weight"":""30""},{""count"":""12"",""weight"":""35""}]","19","172","2024-12-11"
"398","0","[{""count"":""12"",""weight"":""20""},{""count"":""12"",""weight"":""24""},{""count"":""12"",""weight"":""26""},{""count"":""8"",""weight"":""28""}]","3","173","2024-12-16"
"399","0","[{""count"":""12"",""weight"":""50""},{""count"":""10"",""weight"":""60""},{""count"":""9"",""weight"":""60""},{""count"":""8"",""weight"":""60""}]","13","173","2024-12-16"
"400","0","[{""count"":""12"",""weight"":""35""},{""count"":""12"",""weight"":""40""},{""count"":""11"",""weight"":""40""}]","6","173","2024-12-16"
"401","0","[{""count"":""12"",""weight"":""50""},{""count"":""12"",""weight"":""55""},{""count"":""10"",""weight"":""60""},{""count"":""6"",""weight"":""65""}]","11","173","2024-12-16"
"402","0","[{""count"":""12"",""weight"":""20""},{""count"":""12"",""weight"":""22""},{""count"":""10"",""weight"":""22""},{""count"":""8"",""weight"":""24""}]","24","174","2024-12-18"
"403","0","[{""count"":""12"",""weight"":""0""},{""count"":""12"",""weight"":""5""},{""count"":""12"",""weight"":""5""},{""count"":""12"",""weight"":""5""}]","27","174","2024-12-18"
"404","0","[{""count"":""12"",""weight"":""6""},{""count"":""12"",""weight"":""8""},{""count"":""12"",""weight"":""8""},{""count"":""10"",""weight"":""8""}]","29","174","2024-12-18"
"405","0","[{""count"":""12"",""weight"":""8""},{""count"":""12"",""weight"":""10""},{""count"":""12"",""weight"":""10""},{""count"":""10"",""weight"":""10""}]","32","174","2024-12-18"
"406","0","[{""count"":""12"",""weight"":""50""},{""count"":""12"",""weight"":""60""},{""count"":""12"",""weight"":""70""},{""count"":""11"",""weight"":""75""}]","22","175","2024-12-20"
"407","0","[{""count"":""12"",""weight"":""50""},{""count"":""12"",""weight"":""60""},{""count"":""11"",""weight"":""65""},{""count"":""8"",""weight"":""70""}]","21","175","2024-12-20"
"408","0","[{""count"":""16"",""weight"":""0""},{""count"":""16"",""weight"":""0""},{""count"":""16"",""weight"":""0""},{""count"":""16"",""weight"":""0""}]","8","175","2024-12-20"
"409","0","[{""count"":""12"",""weight"":""20""},{""count"":""12"",""weight"":""24""},{""count"":""12"",""weight"":""26""},{""count"":""12"",""weight"":""28""},{""count"":""9"",""weight"":""30""}]","4","176","2024-12-22"
"410","0","[{""count"":""12"",""weight"":""40""},{""count"":""12"",""weight"":""50""},{""count"":""12"",""weight"":""55""},{""count"":""7"",""weight"":""60""}]","28","176","2024-12-22"
"411","0","[{""count"":""12"",""weight"":""10""},{""count"":""12"",""weight"":""14""},{""count"":""12"",""weight"":""14""}]","34","176","2024-12-22"
"412","0",,"40","176","2024-12-22"
"413","0","[{""count"":""12"",""weight"":""20""},{""count"":""12"",""weight"":""22""},{""count"":""10"",""weight"":""22""},{""count"":""6"",""weight"":""24""}]","24","177","2024-12-27"
"414","0","[{""count"":""12"",""weight"":""5""},{""count"":""12"",""weight"":""5""},{""count"":""12"",""weight"":""5""},{""count"":""12"",""weight"":""5""}]","27","177","2024-12-27"
"415","0","[{""count"":""12"",""weight"":""30""},{""count"":""12"",""weight"":""35""},{""count"":""10"",""weight"":""40""},{""count"":""8"",""weight"":""40""}]","19","177","2024-12-27"
"416","0","[{""count"":""12"",""weight"":""30""},{""count"":""10"",""weight"":""35""},{""count"":""8"",""weight"":""35""},{""count"":""8"",""weight"":""35""}]","7","177","2024-12-27"
"417","0","[{""count"":""12"",""weight"":""20""},{""count"":""12"",""weight"":""26""},{""count"":""11"",""weight"":""28""},{""count"":""7"",""weight"":""30""}]","3","178","2024-12-29"
"418","0","[{""count"":""12"",""weight"":""50""},{""count"":""11"",""weight"":""60""},{""count"":""8"",""weight"":""60""},{""count"":""7"",""weight"":""60""}]","13","178","2024-12-29"
"419","0","[{""count"":""12"",""weight"":""35""},{""count"":""12"",""weight"":""40""},{""count"":""12"",""weight"":""40""}]","6","178","2024-12-29"
"420","0","[{""count"":""12"",""weight"":""50""},{""count"":""12"",""weight"":""60""},{""count"":""10"",""weight"":""65""},{""count"":""8"",""weight"":""65""}]","11","178","2024-12-29"
"421","0","[{""count"":""10"",""weight"":""22""},{""count"":""10"",""weight"":""24""},{""count"":""8"",""weight"":""26""}]","24","179","2025-01-02"
"422","0","[{""count"":""12"",""weight"":""0""},{""count"":""12"",""weight"":""5""},{""count"":""12"",""weight"":""5""}]","36","179","2025-01-02"
"423","0","[{""count"":""12"",""weight"":""30""},{""count"":""12"",""weight"":""30""},{""count"":""8"",""weight"":""35""}]","7","179","2025-01-02"
"424","0","[{""count"":""8"",""weight"":""0""},{""count"":""8"",""weight"":""0""},{""count"":""8"",""weight"":""0""}]","8","179","2025-01-02"
"425","0","[{""count"":""8"",""weight"":""15""},{""count"":""8"",""weight"":""20""},{""count"":""8"",""weight"":""20""}]","35","179","2025-01-02"
"426","0","[{""count"":""12"",""weight"":""60""},{""count"":""12"",""weight"":""65""},{""count"":""12"",""weight"":""70""},{""count"":""11"",""weight"":""75""}]","22","179","2025-01-02"
"427","0","[{""count"":""10"",""weight"":""22""},{""count"":""10"",""weight"":""24""},{""count"":""8"",""weight"":""26""}]","24","180","2025-01-08"
"428","0","[{""count"":""12"",""weight"":""8""},{""count"":""12"",""weight"":""8""},{""count"":""12"",""weight"":""8""}]","25","180","2025-01-08"
"429","0","[{""count"":""12"",""weight"":""35""},{""count"":""11"",""weight"":""40""},{""count"":""7"",""weight"":""40""}]","19","180","2025-01-08"
"430","0","[{""count"":""12"",""weight"":""30""},{""count"":""12"",""weight"":""35""},{""count"":""12"",""weight"":""35""}]","7","180","2025-01-08"
"431","0","[{""count"":""12"",""weight"":""60""},{""count"":""12"",""weight"":""70""},{""count"":""11"",""weight"":""80""},{""count"":""7"",""weight"":""80""}]","22","181","2025-01-09"
"432","0","[{""count"":""12"",""weight"":""60""},{""count"":""12"",""weight"":""65""},{""count"":""8"",""weight"":""70""},{""count"":""6"",""weight"":""70""}]","21","181","2025-01-09"
"433","0","[{""count"":""12"",""weight"":""0""},{""count"":""12"",""weight"":""0""},{""count"":""12"",""weight"":""0""}]","8","181","2025-01-09"
"434","0","[{""count"":""12"",""weight"":""24""},{""count"":""12"",""weight"":""28""},{""count"":""10"",""weight"":""30""},{""count"":""6"",""weight"":""32""}]","4","182","2025-01-11"
"435","0","[{""count"":""12"",""weight"":""55""},{""count"":""8"",""weight"":""65""},{""count"":""7"",""weight"":""65""},{""count"":""6"",""weight"":""65""}]","13","182","2025-01-11"
"436","0","[{""count"":""12"",""weight"":""14""},{""count"":""12"",""weight"":""14""},{""count"":""12"",""weight"":""14""}]","34","182","2025-01-11"
"437","0","[{""count"":""12"",""weight"":""50""},{""count"":""10"",""weight"":""60""},{""count"":""8"",""weight"":""60""},{""count"":""7"",""weight"":""60""}]","15","182","2025-01-11"
"438","0","[{""count"":""12"",""weight"":""22""},{""count"":""10"",""weight"":""24""},{""count"":""9"",""weight"":""26""}]","24","183","2025-01-15"
"439","0","[{""count"":""12"",""weight"":""5""},{""count"":""12"",""weight"":""5""},{""count"":""8"",""weight"":""10""},{""count"":""7"",""weight"":""10""}]","36","183","2025-01-15"
"440","0","[{""count"":""12"",""weight"":""15""},{""count"":""10"",""weight"":""20""},{""count"":""8"",""weight"":""20""}]","35","183","2025-01-15"
"441","0",,"10","183","2025-01-15"
"442","0","[{""count"":""12"",""weight"":""60""},{""count"":""12"",""weight"":""70""},{""count"":""11"",""weight"":""80""},{""count"":""8"",""weight"":""80""}]","22","184","2025-01-16"
"443","0",,"21","184","2025-01-16"
"444","0","[{""count"":""12"",""weight"":""100""},{""count"":""12"",""weight"":""120""},{""count"":""12"",""weight"":""140""},{""count"":""12"",""weight"":""140""}]","23","184","2025-01-16"
"445","0","[{""count"":""12"",""weight"":""25""},{""count"":""12"",""weight"":""35""},{""count"":""12"",""weight"":""35""},{""count"":""10"",""weight"":""35""}]","9","184","2025-01-16"
"446","0","[{""count"":""12"",""weight"":""0""},{""count"":""12"",""weight"":""0""},{""count"":""12"",""weight"":""0""}]","8","184","2025-01-16"
"447","0","[{""count"":""12"",""weight"":""20""},{""count"":""12"",""weight"":""24""},{""count"":""11"",""weight"":""28""},{""count"":""8"",""weight"":""30""}]","3","185","2025-01-19"
"448","0","[{""count"":""12"",""weight"":""14""},{""count"":""12"",""weight"":""14""},{""count"":""12"",""weight"":""14""}]","5","185","2025-01-19"
"449","0","[{""count"":""12"",""weight"":""55""},{""count"":""11"",""weight"":""60""},{""count"":""8"",""weight"":""65""},{""count"":""7"",""weight"":""65""}]","13","185","2025-01-19"
"450","0",,"15","185","2025-01-19"
"451","0","[{""count"":""22"",""weight"":""12""},{""count"":""24"",""weight"":""8""},{""count"":""26"",""weight"":""8""}]","24","186","2025-01-22"
"452","0",,"24","187","2025-01-22"
"453","0","[{""count"":""12"",""weight"":""5""},{""count"":""8"",""weight"":""10""},{""count"":""7"",""weight"":""10""},{""count"":""6"",""weight"":""10""}]","27","186","2025-01-22"
"454","0","[{""count"":""8"",""weight"":""8""},{""count"":""8"",""weight"":""10""},{""count"":""8"",""weight"":""10""}]","17","186","2025-01-22"
"455","0",,"7","186","2025-01-22"
"456","0","[{""count"":""8"",""weight"":""8""},{""count"":""8"",""weight"":""10""},{""count"":""8"",""weight"":""10""}]","16","186","2025-01-22"
"457","0","[{""count"":""12"",""weight"":""60""},{""count"":""12"",""weight"":""65""},{""count"":""11"",""weight"":""70""},{""count"":""8"",""weight"":""70""}]","21","188","2025-01-24"
"458","0","[{""count"":""12"",""weight"":""60""},{""count"":""12"",""weight"":""70""},{""count"":""10"",""weight"":""80""},{""count"":""8"",""weight"":""80""}]","22","188","2025-01-24"
"459","0",,"8","188","2025-01-24"
"460","0","[{""count"":""12"",""weight"":""24""},{""count"":""12"",""weight"":""28""},{""count"":""10"",""weight"":""30""},{""count"":""6"",""weight"":""32""}]","4","189","2025-01-26"
"461","0",,"5","189","2025-01-26"
"462","0","[{""count"":""12"",""weight"":""22""},{""count"":""10"",""weight"":""24""},{""count"":""7"",""weight"":""26""}]","24","190","2025-01-29"
"463","0",,"27","190","2025-01-29"
"464","0","[{""count"":""12"",""weight"":""9""},{""count"":""12"",""weight"":""9""},{""count"":""12"",""weight"":""9""}]","25","190","2025-01-29"
"465","0","[{""count"":""12"",""weight"":""25""},{""count"":""12"",""weight"":""30""},{""count"":""12"",""weight"":""35""}]","7","190","2025-01-29"
"466","0","[{""count"":""12"",""weight"":""35""},{""count"":""12"",""weight"":""40""},{""count"":""8"",""weight"":""40""}]","19","190","2025-01-29"
"467","0","[{""count"":""12"",""weight"":""60""},{""count"":""12"",""weight"":""65""},{""count"":""11"",""weight"":""70""},{""count"":""8"",""weight"":""70""}]","21","192","2025-01-31"
"468","0","[{""count"":""12"",""weight"":""60""},{""count"":""12"",""weight"":""70""},{""count"":""10"",""weight"":""80""},{""count"":""8"",""weight"":""80""}]","22","192","2025-01-31"
"469","0","[{""count"":""20"",""weight"":""0""},{""count"":""12"",""weight"":""15""},{""count"":""12"",""weight"":""15""},{""count"":""10"",""weight"":""15""}]","8","192","2025-01-31"
"470","0","[{""count"":""12"",""weight"":""22""},{""count"":""11"",""weight"":""24""},{""count"":""8"",""weight"":""26""}]","24","193","2025-02-04"
"471","0","[{""count"":""10"",""weight"":""10""},{""count"":""10"",""weight"":""10""},{""count"":""10"",""weight"":""10""}]","25","193","2025-02-04"
"472","0","[{""count"":""12"",""weight"":""10""},{""count"":""8"",""weight"":""10""},{""count"":""7"",""weight"":""10""},{""count"":""5"",""weight"":""10""}]","29","193","2025-02-04"
"473","0","[{""count"":""12"",""weight"":""60""},{""count"":""12"",""weight"":""70""},{""count"":""10"",""weight"":""80""},{""count"":""8"",""weight"":""80""}]","22","194","2025-02-06"
"474","0","[{""count"":""12"",""weight"":""60""},{""count"":""12"",""weight"":""65""},{""count"":""10"",""weight"":""70""},{""count"":""9"",""weight"":""70""}]","21","194","2025-02-06"
"475","0",,"8","194","2025-02-06"
"476","0","[{""count"":""12"",""weight"":""22""},{""count"":""12"",""weight"":""24""},{""count"":""10"",""weight"":""26""},{""count"":""5"",""weight"":""28""}]","24","195","2025-02-12"
"477","0","[{""count"":""12"",""weight"":""5""},{""count"":""12"",""weight"":""5""},{""count"":""7"",""weight"":""10""}]","36","195","2025-02-12"
"478","0",,"7","195","2025-02-12"
"479","0",,"19","195","2025-02-12"
"480","0","[{""count"":""12"",""weight"":""100""},{""count"":""12"",""weight"":""120""},{""count"":""12"",""weight"":""140""},{""count"":""12"",""weight"":""140""}]","23","196","2025-02-14"
"481","0","[{""count"":""12"",""weight"":""60""},{""count"":""12"",""weight"":""70""},{""count"":""11"",""weight"":""80""},{""count"":""8"",""weight"":""80""}]","22","196","2025-02-14"
"482","0","[{""count"":""20"",""weight"":""0""},{""count"":""12"",""weight"":""15""},{""count"":""12"",""weight"":""15""},{""count"":""12"",""weight"":""15""}]","8","196","2025-02-14"
"483","0",,"4","197","2025-02-16"
"484","0","[{""count"":""12"",""weight"":""12""},{""count"":""12"",""weight"":""12""},{""count"":""12"",""weight"":""14""},{""count"":""12"",""weight"":""16""}]","34","197","2025-02-16"
"485","0","[{""count"":""12"",""weight"":""55""},{""count"":""12"",""weight"":""60""},{""count"":""8"",""weight"":""65""},{""count"":""7"",""weight"":""65""}]","13","197","2025-02-16"
"486","0","[{""count"":""12"",""weight"":""20""},{""count"":""12"",""weight"":""20""},{""count"":""12"",""weight"":""20""},{""count"":""8"",""weight"":""25""}]","40","197","2025-02-16"